Run_Number,distance,,Avg_NS_1,Avg_NS_2,Avg_NS_3,Avg_NS,,Avg_N_1,Avg_N_2,Avg_N_3,Avg_N,,Avg_SS_1,Avg_SS_2,Avg_SS_3,Avg_SS,,Avg_S_1,Avg_S_2,Avg_S_3,Avg_S,,
0,1.1,,55.99394226,56.12229919,56.17532349,56.09718831,,50.5712738,51.25674438,51.43740845,51.08847555,,3241.4375,3241.492935,3242.167938,3241.699458,,3241.753281,3242.148834,3242.133377,3242.011831,,1.1
1,1.2,,56.44099426,56.23672485,56.08926392,56.25566101,,51.09051514,51.36884,51.68623352,51.38186289,,3241.421219,3241.366837,3242.220718,3241.669591,,3241.543701,3242.35141,3241.905975,3241.933695,,
2,1.3,,57.31808472,57.31518555,57.75135803,57.46154277,,52.09661865,52.6327,53.0537262,52.59434828,,3241.309708,3241.494232,3241.93338,3241.579107,,3242.002914,3241.511795,3242.167694,3241.894135,,
3,1.4,,59.88949585,59.74679565,60.15740967,59.93123372,,54.49060059,55.11564,55.41490173,55.00704744,,3241.309616,3241.797195,3241.746353,3241.617722,,3242.294037,3241.377548,3242.499603,3242.057063,,
4,1.5,,62.05560303,61.99725342,62.5335083,62.19545492,,57.23509216,57.78632,58.49009705,57.83716974,,3241.257004,3241.754089,3241.749573,3241.586889,,3242.177124,3241.621704,3242.378174,3242.059001,,
5,1.6,,64.06626892,64.3474884,64.63780212,64.35051982,,60.01132202,60.08465,61.77558899,60.62385367,,3241.229446,3241.29689,3242.054565,3241.526967,,3241.517426,3242.644241,3241.746597,3241.969421,,
6,1.7,,66.94692993,66.95378113,67.91403198,67.27158101,,62.35350037,62.82327,63.87988281,63.01888439,,3240.151154,3228.454254,3240.340271,3236.315226,,3241.496155,3242.51709,3241.726364,3241.913203,,
7,1.8,,75.51457214,71.28155518,117.8076477,88.20125834,,65.23747253,66.37265,66.96080017,66.19030757,,3031.399185,2990.517838,3029.590927,3017.169317,,3241.12204,3240.447357,3240.922684,3240.830694,,
8,1.9,,374.9106293,345.3707581,374.8697052,365.0503642,,69.44558716,120.6496,139.0868988,109.727362,,2812.017258,2734.717148,2793.506836,2780.080414,,3054.644287,3129.761688,3084.430664,3089.612213,,
9,2,,584.7298584,572.0827942,631.2530518,596.0219014,,389.5230103,409.4966,416.139267,405.0529591,,2510.74823,2487.776688,2631.709305,2543.411407,,2738.909958,2812.476059,2734.594345,2761.993454,,
10,2.1,,802.098053,799.2053833,793.6863403,798.3299255,,637.5353241,629.3482,613.2123108,626.6986116,,2355.502426,2319.729675,2380.303757,2351.845286,,2540.384171,2585.920425,2501.358215,2542.55427,,
11,2.2,,914.6230774,903.2920074,917.0761108,911.6637319,,785.8256989,792.4678,798.6401978,792.3112322,,2239.309006,2239.170898,2232.868164,2237.116023,,2384.528305,2372.654221,2351.686813,2369.623113,,
12,2.3,,1040.741074,1022.106476,1011.56926,1024.805603,,934.4496613,926.3412,943.022049,934.6043034,,2126.905182,2123.210831,2147.432068,2132.516027,,2215.194946,2244.139359,2227.322037,2228.885447,,
13,2.4,,1128.144379,1104.790161,1113.498337,1115.477626,,1048.922089,1049.59,1050.867172,1049.793087,,2042.467056,2044.333984,2055.638535,2047.479858,,2124.0354,2142.300858,2125.475723,2130.603994,,
14,2.5,,1188.979218,1179.006622,1174.985779,1180.99054,,1117.997009,1125.631,1120.300262,1121.309424,,1986.663284,1980.637894,1997.818039,1988.373072,,2045.325577,2044.337769,2037.031906,2042.23175,,
15,2.6,,1247.981796,1228.428207,1237.947067,1238.119024,,1188.662231,1192.893,1197.263062,1192.939431,,1919.189529,1923.292328,1919.976212,1920.819356,,1977.888077,1958.878159,1975.061646,1970.609294,,
16,2.7,,1286.250549,1269.735565,1287.014114,1281.000076,,1248.395966,1250.504,1261.555908,1253.485291,,1868.006424,1873.729095,1879.055954,1873.597158,,1912.206223,1900.933334,1911.530975,1908.223511,,
17,2.8,,1324.133011,1325.175125,1328.997437,1326.101858,,1291.605377,1299.22,1300.838348,1297.221242,,1836.117691,1838.206528,1841.347305,1838.557175,,1871.468155,1865.88504,1864.938339,1867.430511,,
18,2.9,,1356.579758,1350.891251,1352.727066,1353.399358,,1331.557968,1334.245,1339.072693,1334.958554,,1813.806564,1803.045258,1811.70105,1809.517624,,1837.419189,1837.904678,1839.132843,1838.152237,,
19,3,,1387.285202,1384.043457,1379.932678,1383.753779,,1360.781738,1366.124,1369.26236,1365.389366,,1780.206268,1777.875137,1781.909042,1779.996816,,1800.744598,1807.92009,1800.947968,1803.204219,,
20,3.1,,1410.093491,1404.927948,1401.207825,1405.409755,,1392.807785,1392.635,1392.364197,1392.602327,,1756.059723,1758.973999,1756.661316,1757.231679,,1775.551178,1776.559616,1775.297928,1775.802907,,
21,3.2,,1430.212418,1423.268753,1422.347504,1425.276225,,1410.89444,1412.955,1414.554794,1412.801411,,1739.552719,1739.461182,1737.672668,1738.895523,,1755.23912,1754.618576,1755.014542,1754.957413,,
22,3.3,,1445.572159,1441.83461,1436.584457,1441.330409,,1428.355896,1433.655,1433.068924,1431.693273,,1726.916931,1722.160477,1719.810822,1722.962743,,1735.724442,1733.034592,1732.824921,1733.861318,,
23,3.4,,1458.800507,1457.891342,1450.906189,1455.866013,,1451.135437,1447.204,1449.273102,1449.20418,,1708.454529,1709.518158,1707.727402,1708.566696,,1719.855133,1713.902832,1713.504364,1715.75411,,
24,3.5,,1473.633835,1470.743652,1464.954025,1469.777171,,1460.944534,1462.769,1464.059937,1462.591157,,1698.430206,1697.249329,1696.903976,1697.527837,,1705.346222,1706.002457,1704.463013,1705.270564,,
25,3.6,,1483.606339,1478.823624,1476.056656,1479.49554,,1478.048706,1474.484,1475.505661,1476.012789,,1687.928375,1687.90976,1683.830002,1686.556046,,1693.89946,1693.958435,1693.53653,1693.798141,,
26,3.7,,1492.993225,1491.406067,1487.104645,1490.501312,,1486.589188,1487.322,1488.262878,1487.391355,,1678.294357,1679.039948,1676.607773,1677.980693,,1680.983093,1682.582657,1679.438171,1681.001307,,
27,3.8,,1497.960861,1498.541595,1494.24968,1496.917379,,1495.358917,1494.818,1496.990463,1495.72246,,1668.071732,1668.809982,1668.463333,1668.448349,,1673.278687,1672.25882,1673.040024,1672.859177,,
28,3.9,,1506.878372,1506.573792,1501.79744,1505.083201,,1502.406036,1503.084,1505.564301,1503.684779,,1661.005585,1660.974716,1661.662949,1661.214417,,1663.55484,1662.322067,1664.36795,1663.414953,,
29,4,,1514.823868,1513.04422,1507.254517,1511.707535,,1509.436249,1512.044,1512.049484,1511.176578,,1653.507858,1652.635529,1652.537704,1652.893697,,1655.623444,1657.060562,1657.288757,1656.657588,,
30,4.1,,1518.262939,1517.718643,1513.347275,1516.442952,,1517.771652,1516.806,1517.628784,1517.402145,,1647.544922,1648.102203,1645.556091,1647.067739,,1651.12114,1651.081573,1651.134995,1651.112569,,
31,4.2,,1522.035217,1524.015411,1518.666077,1521.572235,,1522.022232,1522.763,1524.060547,1522.948593,,1641.847076,1641.910492,1641.40744,1641.72167,,1644.905334,1645.417328,1644.634277,1644.985647,,
32,4.3,,1527.237015,1528.783798,1524.068039,1526.696284,,1526.524948,1527.339,1528.866394,1527.576781,,1638.356827,1637.979401,1636.829544,1637.721924,,1639.914322,1640.529373,1639.803604,1640.082433,,
33,4.4,,1530.964966,1532.154541,1528.105408,1530.408305,,1529.956528,1532.339,1532.513107,1531.602878,,1635.411697,1633.297165,1634.540573,1634.416478,,1635.990173,1637.341064,1635.551987,1636.294408,,
34,4.5,,1544.781387,1545.031815,1540.092453,1543.301885,,1543.954971,1543.76,1545.084839,1544.266603,,1621.782455,1621.79866,1621.685364,1621.755493,,1624.204636,1624.140823,1623.249634,1623.865031,,
